{"cameraMode":{"drawMode":0,"name":"Shaded","section":"Shading Mode"},"sceneLighting":true,"audioPlay":false,"sceneViewState":{"showFog":true,"showMaterialUpdate":false,"showSkybox":true,"showFlares":true,"showImageEffects":true,"showParticleSystems":true},"in2DMode":false,"pivot":{"x":-108.39215850830078,"y":-56.7078857421875,"z":-35.592647552490237},"rotation":{"x":0.138449564576149,"y":-0.7921780347824097,"z":0.19537971913814546,"w":0.5613487958908081},"size":139.04299926757813,"orthographic":false}