{"cameraMode":{"drawMode":0,"name":"Shaded","section":"Shading Mode"},"sceneLighting":true,"audioPlay":false,"sceneViewState":{"showFog":true,"showMaterialUpdate":false,"showSkybox":true,"showFlares":true,"showImageEffects":true,"showParticleSystems":true},"in2DMode":false,"pivot":{"x":407.1146240234375,"y":147.27464294433595,"z":17.600341796875},"rotation":{"x":0.1717369258403778,"y":-0.13724499940872193,"z":0.024168092757463456,"w":0.9752364754676819},"size":381.1510314941406,"orthographic":false}