{"cameraMode":{"drawMode":0,"name":"Shaded","section":"Shading Mode"},"sceneLighting":true,"audioPlay":false,"sceneViewState":{"showFog":true,"showMaterialUpdate":false,"showSkybox":true,"showFlares":true,"showImageEffects":true,"showParticleSystems":true},"in2DMode":false,"pivot":{"x":457.9296875,"y":334.16961669921877,"z":-64.88253784179688},"rotation":{"x":-0.15629971027374268,"y":-0.05509559437632561,"z":-0.008733178488910199,"w":0.9861332178115845},"size":526.52392578125,"orthographic":false}