{"cameraMode":{"drawMode":0,"name":"Shaded","section":"Shading Mode"},"sceneLighting":true,"audioPlay":false,"sceneViewState":{"showFog":true,"showMaterialUpdate":false,"showSkybox":true,"showFlares":true,"showImageEffects":true,"showParticleSystems":true},"in2DMode":false,"pivot":{"x":-104.07087707519531,"y":-61.09650802612305,"z":-40.21245574951172},"rotation":{"x":0.1434580236673355,"y":-0.8017149567604065,"z":0.21311062574386598,"w":0.539682149887085},"size":139.04299926757813,"orthographic":false}